Date,Longitude,Latitude,Depth,Type,Magnitude,Location,EventID,TimeName,TypeName,MagnitudeName
"20/05/2025 22:36:53",28.3858,40.815,8.16,"MW",4,"Marmara Denizi - [23.63 km] Büyükçekmece (İstanbul)",661816,"AFAD","AFAD","AFAD"
"25/04/2025 19:33:15",28.4311,40.8558,7.01,"MW",4.3,"Marmara Denizi - [17.82 km] Büyükçekmece (İstanbul)",658727,"AFAD","AFAD","AFAD"
"24/04/2025 06:19:19",28.3061,40.8411,7,"MW",4.1,"Marmara Denizi - [24.56 km] Büyükçekmece (İstanbul)",658424,"AFAD","AFAD","AFAD"
"23/04/2025 14:12:57",28.3142,40.8333,7.02,"MW",4.9,"Marmara Denizi - [24.82 km] Büyükçekmece (İstanbul)",658188,"AFAD","AFAD","AFAD"
"23/04/2025 12:46:13",28.2178,40.8506,10.01,"MW",4,"Marmara Denizi - [24.46 km] Silivri (İstanbul)",658161,"AFAD","AFAD","AFAD"
"23/04/2025 12:02:32",28.4025,40.8769,7.02,"MW",4.9,"Marmara Denizi - [16.77 km] Büyükçekmece (İstanbul)",658150,"AFAD","AFAD","AFAD"
"23/04/2025 12:02:10",28.4369,40.8908,7.09,"MW",4.5,"Marmara Denizi - [14.24 km] Büyükçekmece (İstanbul)",658151,"AFAD","AFAD","AFAD"
"23/04/2025 12:01:02",28.3428,40.8367,7.01,"MW",4.8,"Marmara Denizi - [23.15 km] Büyükçekmece (İstanbul)",658152,"AFAD","AFAD","AFAD"
"23/04/2025 11:51:20",28.3847,40.9067,7,"ML",4.4,"Marmara Denizi - [14.74 km] Büyükçekmece (İstanbul)",658149,"AFAD","AFAD","AFAD"
"23/04/2025 11:51:19",28.3267,40.8369,6.99,"MW",5.9,"Marmara Denizi - [23.88 km] Büyükçekmece (İstanbul)",658153,"AFAD","AFAD","AFAD"
"23/04/2025 11:49:10",28.2444,40.86,6.92,"MW",6.2,"Marmara Denizi - [23.16 km] Silivri (İstanbul)",658148,"AFAD","AFAD","AFAD"
"19/07/2024 21:26:09",27.4636,40.6808,7.61,"MW",4.1,"Marmara Denizi - [09.69 km] Marmara (Balıkesir)",633719,"AFAD","AFAD","AFAD"
"23/02/2024 13:14:32",29.1608,40.4181,10.86,"MW",4.1,"Gemlik (Bursa)",620807,"AFAD","AFAD","AFAD"
"17/12/2023 21:53:52",29.0994,40.7217,11.18,"MW",4.1,"Marmara Denizi - [08.52 km] Çınarcık (Yalova)",613175,"AFAD","AFAD","AFAD"
"04/12/2023 08:42:20",28.8319,40.4269,8.98,"MW",5.1,"Marmara Denizi - Gemlik Körfezi - [04.73 km] Mudanya (Bursa)",611620,"AFAD","AFAD","AFAD"
"07/11/2023 21:05:48",27.526,40.471,4.33,"MW",4.1,"Marmara Denizi - [03.10 km] Marmara (Balıkesir)",608882,"AFAD","AFAD","AFAD"
"13/12/2022 04:21:16",27.11,40.364,12.12,"MW",4.3,"Biga (Çanakkale)",538260,"AFAD","AFAD","AFAD"
"20/02/2022 21:20:11",27.404,40.7186,10.42,"Mw",4.1,"Marmara Denizi - [06.73 km] Şarköy (Tekirdağ)",521277,"AFAD","AFAD","AFAD"
"05/05/2021 08:42:11",27.3946,40.346,10.24,"Mw",4,"Marmara Denizi - Erdek Körfezi - [04.19 km] Biga (Çanakkale)",501787,"AFAD","AFAD","AFAD"
"24/09/2020 15:38:31",28.092,40.8268,6.83,"Mw",4.2,"Marmara Denizi - [19.14 km] Marmaraereğlisi (Tekirdağ)",480902,"AFAD","AFAD","AFAD"
"08/09/2020 23:57:23",27.4096,40.6886,9.91,"Mw",4.1,"Marmara Denizi - [08.60 km] Şarköy (Tekirdağ)",480065,"AFAD","AFAD","AFAD"
"11/01/2020 14:37:36",28.2086,40.8646,10.82,"Mw",4.7,"Marmara Denizi - [23.02 km] Silivri (İstanbul)",456426,"AFAD","AFAD","AFAD"
"10/10/2019 18:52:03",29.2473,40.6778,13.86,"Mw",4,"Marmara Denizi - [02.48 km] Merkez (Yalova)",449380,"AFAD","AFAD","AFAD"
"26/09/2019 13:26:36",28.2726,40.8416,4.58,"Mw",4.1,"Marmara Denizi - [25.02 km] Silivri (İstanbul)",447925,"AFAD","AFAD","AFAD"
"26/09/2019 12:59:25",28.214,40.8818,7.97,"Mw",5.8,"Marmara Denizi - [21.07 km] Silivri (İstanbul)",447923,"AFAD","AFAD","AFAD"
"24/09/2019 10:00:22",28.216,40.8836,5.91,"Mw",4.6,"Marmara Denizi - [20.84 km] Silivri (İstanbul)",447733,"AFAD","AFAD","AFAD"
"04/03/2019 22:07:27",28.4505,40.457,13.72,"Mw",4,"Marmara Denizi - [10.25 km] Karacabey (Bursa)",432459,"AFAD","AFAD","AFAD"
"19/02/2019 22:33:55",27.1253,40.3521,6.79,"Mw",4,"Biga (Çanakkale)",431501,"AFAD","AFAD","AFAD"
"20/12/2018 07:34:24",28.9716,40.5938,12.47,"Mw",4.5,"Çınarcık (Yalova)",427611,"AFAD","AFAD","AFAD"
"30/11/2018 03:36:34",28.9493,40.6025,14.28,"Mw",4.1,"Çınarcık (Yalova)",426244,"AFAD","AFAD","AFAD"
"31/12/2017 21:12:02",27.8495,40.5491,13.79,"Mw",4,"Marmara Denizi - [04.60 km] Erdek (Balıkesir)",400190,"AFAD","AFAD","AFAD"
"25/06/2016 07:40:11",29.2016,40.6985,9.73,"Mw",4.2,"Marmara Denizi - [05.86 km] Çınarcık (Yalova)",342268,"AFAD","AFAD","AFAD"
"16/11/2015 16:45:43",28.7631,40.8181,13.23,"Mw",4,"Marmara Denizi - [16.66 km] Bakırköy (İstanbul)",316686,"AFAD","AFAD","AFAD"
"28/10/2015 17:20:02",27.7446,40.8003,13.04,"Mw",4.4,"Marmara Denizi - [17.95 km] Marmara (Balıkesir)",315392,"AFAD","AFAD","AFAD"
"22/10/2014 19:11:05",30.1001,40.4113,7.68,"Mw",4.5,"Geyve (Sakarya)",278200,"AFAD","AFAD","AFAD"
"04/08/2014 00:22:44",29.1678,40.5916,10.17,"Mw",4,"Termal (Yalova)",235527,"AFAD","AFAD","AFAD"
"27/11/2013 05:21:36",27.908,40.8155,9.06,"Mw",4,"Marmara Denizi - [17.23 km] Marmaraereğlisi (Tekirdağ)",209625,"AFAD","AFAD","AFAD"
"27/11/2013 05:13:37",27.9051,40.8338,18.83,"Mw",4.5,"Marmara Denizi - [15.32 km] Marmaraereğlisi (Tekirdağ)",209624,"AFAD","AFAD","AFAD"
"29/08/2013 08:20:34",27.459,40.3493,26.15,"Ml",4.3,"Marmara Denizi - Erdek Körfezi - [07.11 km] Biga (Çanakkale)",203236,"AFAD","AFAD","AFAD"
"17/08/2013 20:16:31",29.1193,40.4132,14.34,"Ml",4.5,"Gemlik (Bursa)",202367,"AFAD","AFAD","AFAD"
"07/07/2012 09:07:45",30.4077,40.7608,7.06,"Ml",4,"-",14607,"AFAD-DDA","AFAD-DDA","AFAD-DDA"
"07/06/2012 22:54:25",27.9235,40.854,14.9,"Mw",5,"-",14570,"HRVD-GCMT","HRVD-GCMT","HRVD-GCMT"
"04/05/2012 07:38:14",27.018,40.3278,23.85,"Ml",4.2,"-",14538,"AFAD-DDA","AFAD-DDA","AFAD-DDA"
"16/08/2011 19:30:07",28.89,40.44,5,"Ml",4,"-",14127,"KRDEA-ISK","KRDEA-ISK","KRDEA-ISK"
"25/07/2011 19:57:20",27.7498,40.8195,6.97,"Mw",5.1,"-",14115,"HRVD-GCMT","HRVD-GCMT","HRVD-GCMT"
"09/03/2011 08:04:04",28.06,40.43,9,"Ml",4,"-",14014,"KRDEA-ISK","KRDEA-ISK","KRDEA-ISK"
"20/01/2011 03:09:37",29.76,40.71,10,"Ml",4.1,"-",13981,"KRDEA-ISK","KRDEA-ISK","KRDEA-ISK"
"31/12/2010 21:57:37",27.34,40.58,16,"Ml",4,"-",13973,"Kalafat ve Diğ.2011","Kalafat ve Diğ.2011","Kalafat ve Diğ.2011"
"03/10/2010 19:49:03",28.176,40.8323,3.2,"mb",4.4,"-",13923,"NEIC","NEIC","NEIC"
"11/06/2010 12:56:45",28.9573,40.4264,12.9,"mb",4.2,"-",13858,"MOS","MOS","MOS"
"15/05/2010 16:08:22",30.13,41.2,5,"Ml",4.3,"-",13844,"Kalafat ve Diğ.2011","Kalafat ve Diğ.2011","Kalafat ve Diğ.2011"
"08/08/2009 15:52:39",27.4303,40.3505,13.2,"mb",4.2,"-",13638,"ISC","ISC","ISC"
"01/08/2009 18:42:39",28.28,40.37,10,"Ml",4.3,"-",13635,"Kalafat ve Diğ.2011","Kalafat ve Diğ.2011","Kalafat ve Diğ.2011"
"27/04/2009 21:03:07",27.5233,40.7405,28.8,"Md",4.2,"-",13527,"AFAD-DDA","AFAD-DDA","AFAD-DDA"
"24/01/2009 16:58:39",27.78,40.8008,12,"mb",4,"-",13480,"ISC","ISC","ISC"
"05/10/2008 08:04:04",29.0142,40.6103,23.68,"Ml",4.2,"-",18444,"AFAD-DDA","AFAD-DDA","AFAD-DDA"
"15/07/2008 11:19:49",27.44,40.37,12,"Ml",4.1,"-",18377,"Kalafat ve Diğ.2011","Kalafat ve Diğ.2011","Kalafat ve Diğ.2011"
"19/05/2008 12:18:16",27.8,40.5,10,"Ml",4,"-",18333,"ATH","ATH","ATH"
"12/05/2008 17:11:26",27.3714,40.6369,11.2,"Ml",4.5,"-",18331,"THE","THE","THE"
"12/03/2008 19:53:32",28.9981,40.638,12,"mb",4.2,"-",16405,"ISC","ISC","ISC"
"28/01/2007 19:06:59",28.3862,40.5924,10,"Ml",4,"-",16076,"THE","THE","THE"
"19/12/2006 20:15:38",28.3113,40.3855,10,"Md",4,"-",16042,"ATH","ATH","ATH"
"25/10/2006 13:56:05",29.0075,40.4686,9.5,"mb",4,"-",16006,"MOS","MOS","MOS"
"24/10/2006 16:00:22",29.079,40.443,15.5,"Mw",5,"-",16005,"HRVD-GCMT","HRVD-GCMT","HRVD-GCMT"
"08/02/2006 05:07:42",30.402,40.731,13.7,"mb",4.3,"-",15823,"ISC","ISC","ISC"
"04/11/2005 21:12:09",27.3,40.68,13,"mb",4.1,"-",15755,"Kalafat ve Diğ.2011","Kalafat ve Diğ.2011","Kalafat ve Diğ.2011"
"29/09/2004 17:42:08",28.999,40.7907,13.9,"Ml",4.3,"-",15408,"THE","THE","THE"
"11/07/2004 22:44:28",27.1943,40.5382,21.1,"Ml",4.1,"-",15336,"THE","THE","THE"
"16/05/2004 05:30:49",29.338,40.727,8.8,"mb",4.4,"-",15304,"ISC","ISC","ISC"
"19/04/2004 17:27:17",27.6444,40.6599,25,"Ml",4.3,"-",15290,"ATH","ATH","ATH"
"13/07/2003 07:09:49",27.434,40.8018,14,"mb",4.1,"-",15148,"Kalafat ve Diğ.2011","Kalafat ve Diğ.2011","Kalafat ve Diğ.2011"
"05/05/2002 11:22:10",28.304,40.545,8,"mb",4,"-",14853,"MOS","MOS","MOS"
"23/03/2002 03:36:10",27.83,40.863,7,"mb",4,"-",14812,"ISC","ISC","ISC"
"28/02/2002 09:37:52",28.14,40.802,11.5,"mb",4.1,"-",14793,"ISC","ISC","ISC"
"14/03/2001 21:34:20",27.611,40.845,11,"Md",4.1,"-",20088,"ATH","ATH","ATH"
"16/01/2001 04:33:02",29.07,40.9,13,"mb",4.1,"-",20047,"Kalafat ve Diğ.2011","Kalafat ve Diğ.2011","Kalafat ve Diğ.2011"
"07/07/2000 02:15:32",29.339,40.863,8.9,"mb",4.5,"-",19931,"ISC","ISC","ISC"
"02/04/2000 20:57:38",30.328,40.853,2.1,"mb",4.5,"-",19871,"ISC","ISC","ISC"
"09/02/2000 17:41:32",29.94,40.77,11,"mb",4.1,"-",19833,"Kalafat ve Diğ.2011","Kalafat ve Diğ.2011","Kalafat ve Diğ.2011"
"31/01/2000 15:38:51",29.252,40.712,9.7,"mb",4.1,"-",19828,"ISC","ISC","ISC"
"11/11/1999 15:55:25",30.208,40.804,2.5,"mb",4,"-",19724,"ISC","ISC","ISC"
"11/11/1999 15:41:26",30.2422,40.7425,17.9,"Mw",5.6,"-",19723,"HRVD-GCMT","HRVD-GCMT","HRVD-GCMT"
"21/10/1999 01:08:21",28.992,40.816,10,"mb",4.7,"-",19708,"ISC","ISC","ISC"
"29/09/1999 02:13:07",29.354,40.734,7.9,"Mw",5.2,"-",19696,"HRVD-GCMT","HRVD-GCMT","HRVD-GCMT"
"20/09/1999 23:28:02",27.616,40.618,18,"mb",4.7,"-",19691,"ISC","ISC","ISC"
"19/09/1999 22:26:36",30.481,40.691,5.6,"mb",4.2,"-",19690,"ISC","ISC","ISC"
"18/09/1999 02:48:26",29.225,40.599,9.3,"mb",4.6,"-",19687,"ISC","ISC","ISC"
"17/09/1999 21:50:05",30.134,40.774,9.7,"mb",4.4,"-",19686,"ISC","ISC","ISC"
"13/09/1999 13:55:30",30.0169,40.7327,17.8,"Mw",5.8,"-",19684,"HRVD-GCMT","HRVD-GCMT","HRVD-GCMT"
"09/09/1999 03:32:08",29.14,40.71,11,"mb",4,"-",19677,"Kalafat ve Diğ.2011","Kalafat ve Diğ.2011","Kalafat ve Diğ.2011"
"06/09/1999 08:33:27",29.746,40.788,17.2,"mb",4,"-",19654,"LDG","LDG","LDG"
"04/09/1999 20:27:44",30.29,40.72,10,"mb",4.1,"-",19652,"Kalafat ve Diğ.2011","Kalafat ve Diğ.2011","Kalafat ve Diğ.2011"
"04/09/1999 12:30:53",29.935,40.7,10.4,"mb",4,"-",19651,"NEIC","NEIC","NEIC"
"01/09/1999 00:28:34",29.077,40.613,4.5,"mb",4.4,"-",19645,"ISC","ISC","ISC"
"31/08/1999 10:33:25",29.908,40.697,10,"mb",4.6,"-",19644,"ISC","ISC","ISC"
"31/08/1999 10:10:52",29.8943,40.7064,20,"Mw",5.1,"-",19643,"HRVD-GCMT","HRVD-GCMT","HRVD-GCMT"
"26/08/1999 19:49:39",30.003,40.769,12.2,"mb",4.8,"-",19638,"NEIC","NEIC","NEIC"
"24/08/1999 20:58:58",30.023,40.749,9,"mb",4.2,"-",19634,"NEIC","NEIC","NEIC"
"22/08/1999 03:47:30",29.075,40.609,23.9,"mb",4.1,"-",19626,"ISC","ISC","ISC"
"21/08/1999 21:21:24",30.447,40.715,1.1,"mb",4,"-",19625,"ISC","ISC","ISC"
"20/08/1999 11:48:38",29.802,40.738,12.5,"mb",4,"-",19622,"NEIC","NEIC","NEIC"
"20/08/1999 11:28:57",29.193,40.605,8.8,"mb",4.5,"-",19621,"ISC","ISC","ISC"
"20/08/1999 02:03:02",29.846,40.766,9.5,"mb",4.3,"-",19620,"ISC","ISC","ISC"
"19/08/1999 17:26:21",29.098,40.619,4,"mb",4.1,"-",19618,"ISC","ISC","ISC"
"19/08/1999 17:17:47",29.205,40.571,14,"Mw",5.1,"-",19617,"HRVD-GCMT","HRVD-GCMT","HRVD-GCMT"
"19/08/1999 16:24:34",29.021,40.611,5.1,"mb",4.1,"-",19616,"ISC","ISC","ISC"
"19/08/1999 16:16:00",29.194,40.6,8.8,"mb",4.5,"-",19615,"ISC","ISC","ISC"
"18/08/1999 17:34:17",30.069,40.797,7.6,"mb",4,"-",19610,"ISC","ISC","ISC"
"17/08/1999 23:47:40",30.007,40.821,12.9,"mb",4.1,"-",19606,"NEIC","NEIC","NEIC"
"17/08/1999 22:30:41",29.27,40.74,15,"mb",4.1,"-",19604,"Kalafat ve Diğ.2011","Kalafat ve Diğ.2011","Kalafat ve Diğ.2011"
"17/08/1999 20:35:22",28.72,40.43,7,"mb",4.1,"-",19603,"Kalafat ve Diğ.2011","Kalafat ve Diğ.2011","Kalafat ve Diğ.2011"
"17/08/1999 19:09:15",30.247,40.788,10,"mb",4.2,"-",19602,"MOS","MOS","MOS"
"17/08/1999 17:17:53",29.79,40.768,11.9,"mb",4.1,"-",19601,"ISC","ISC","ISC"
"17/08/1999 16:31:11",28.7,40.42,8,"mb",4,"-",19599,"Kalafat ve Diğ.2011","Kalafat ve Diğ.2011","Kalafat ve Diğ.2011"
"17/08/1999 13:36:46",30.3,40.717,20.6,"mb",4,"-",19597,"NEIC","NEIC","NEIC"
"17/08/1999 11:31:55",30.067,40.722,7,"mb",4.2,"-",19595,"ISC","ISC","ISC"
"17/08/1999 08:35:02",30.486,40.693,12.3,"mb",4.1,"-",19589,"ISC","ISC","ISC"
"17/08/1999 08:01:33",29.91,40.774,11.4,"mb",4.1,"-",19587,"ISC","ISC","ISC"
"17/08/1999 07:45:22",30.023,40.744,7,"mb",4.3,"-",19585,"ISC","ISC","ISC"
"17/08/1999 07:10:10",30.23,40.778,10,"mb",4.7,"-",19584,"ISC","ISC","ISC"
"17/08/1999 06:39:59",30.261,40.752,14.4,"mb",4.3,"-",19582,"ISC","ISC","ISC"
"17/08/1999 06:20:19",30.451,40.673,10,"mb",4.6,"-",19580,"ISC","ISC","ISC"
"17/08/1999 06:14:23",29.154,40.755,10,"mb",4.3,"-",19579,"ISC","ISC","ISC"
"17/08/1999 05:43:07",30.31,40.722,10,"mb",4.2,"-",19577,"ISC","ISC","ISC"
"17/08/1999 05:23:14",30.255,40.744,2.2,"mb",4.2,"-",19576,"ISC","ISC","ISC"
"17/08/1999 04:50:48",30.108,40.837,10,"mb",4.9,"-",19573,"ISC","ISC","ISC"
"17/08/1999 04:23:12",29.42,40.526,19.6,"mb",4.3,"-",19569,"ISC","ISC","ISC"
"17/08/1999 03:36:38",30.272,40.363,10,"mb",4,"-",19567,"ISC","ISC","ISC"
"17/08/1999 03:33:08",29.201,40.785,10,"mb",4.7,"-",19566,"ISC","ISC","ISC"
"17/08/1999 03:31:56",29.027,40.714,1.2,"mb",4.3,"-",19565,"ISC","ISC","ISC"
"17/08/1999 03:07:54",30.021,40.798,10,"mb",4.6,"-",19564,"ISC","ISC","ISC"
"17/08/1999 02:57:44",29.717,40.721,20,"mb",4.1,"-",19563,"ISC","ISC","ISC"
"17/08/1999 02:47:02",30.389,40.624,10,"mb",4.1,"-",19562,"ISC","ISC","ISC"
"17/08/1999 02:34:52",30.002,40.955,22.6,"mb",4,"-",19560,"ISC","ISC","ISC"
"17/08/1999 02:21:06",30.346,40.664,10,"mb",4.5,"-",19558,"ISC","ISC","ISC"
"17/08/1999 02:16:28",29.911,40.711,10,"mb",5,"-",19557,"ISC","ISC","ISC"
"17/08/1999 02:01:39",30.004,40.77,15,"Mw",7.6,"Gölcük-Kocaeli",19555,"HRVD-GCMT","HRVD-GCMT","HRVD-GCMT"
"19/07/1998 18:27:04",27.3965,40.7165,3.6,"Ml",4.1,"-",19237,"THE","THE","THE"
"21/10/1997 12:49:34",30.4301,40.7143,11.5,"mb",4.2,"-",19090,"ISC","ISC","ISC"
"14/04/1996 10:31:07",27.4739,40.7867,19.9,"mb",4,"-",18689,"ISC","ISC","ISC"
"28/10/1995 11:45:01",27.9717,40.8354,24.8,"mb",4,"-",18619,"ISC","ISC","ISC"
"07/07/1995 20:15:57",29.3264,40.4849,8.7,"mb",4.1,"-",18558,"ISC","ISC","ISC"
"18/04/1995 07:36:04",27.7453,40.8648,22.3,"mb",4.7,"-",18508,"ISC","ISC","ISC"
"13/04/1995 06:08:03",27.74,40.85,22.6,"mb",4.8,"-",18505,"ISC","ISC","ISC"
"08/02/1995 22:24:52",27.7735,40.8032,10,"mb",4.4,"-",11397,"ISC","ISC","ISC"
"20/06/1994 03:36:16",27.3396,40.5711,11.6,"mb",4.1,"-",11307,"ISC","ISC","ISC"
"28/05/1994 20:01:19",29.878,40.6889,9.8,"mb",4,"-",11299,"MOS","MOS","MOS"
"28/03/1994 18:59:01",29.9607,40.3946,17.3,"mb",4,"-",11272,"NEIC","NEIC","NEIC"
"26/01/1994 04:21:38",27.327,40.7309,10,"Ml",4,"-",11239,"THE","THE","THE"
"22/01/1994 08:48:45",27.4859,40.7778,10.7,"Ml",4,"-",11237,"THE","THE","THE"
"25/05/1993 17:36:16",28.0711,40.4701,11.5,"Ml",4.1,"-",11157,"THE","THE","THE"
"18/03/1993 08:51:38",28.004,40.4271,8.5,"mb",4.4,"-",11130,"ISC","ISC","ISC"
"18/03/1993 08:22:45",27.9811,40.4552,9.5,"mb",4.4,"-",11129,"ISC","ISC","ISC"
"18/03/1993 08:19:39",28.0061,40.3995,9.8,"mb",4.1,"-",11128,"ISC","ISC","ISC"
"23/01/1993 16:32:45",28.7635,40.7843,6.3,"Ml",4.1,"-",11109,"THE","THE","THE"
"05/04/1992 02:48:02",27.9314,40.7961,5.6,"mb",4,"-",10973,"NEIC","NEIC","NEIC"
"08/03/1991 10:23:13",27.9093,40.8504,11,"mb",4.5,"-",10718,"ISC","ISC","ISC"
"03/03/1991 09:39:27",29.078,40.637,9.1,"mb",4.6,"-",10716,"ISC","ISC","ISC"
"12/02/1991 10:55:01",28.844,40.788,14.5,"mb",4.8,"-",10710,"ISC","ISC","ISC"
"07/01/1991 06:15:14",28.5579,40.6902,8.3,"Md",4,"-",10688,"NEIC","NEIC","NEIC"
"27/01/1989 10:48:36",29.1492,40.4259,11,"mb",4.1,"-",10314,"ISC","ISC","ISC"
"24/04/1988 22:49:36",28.317,40.892,15,"Mw",5.3,"-",10168,"HRVD-GCMT","HRVD-GCMT","HRVD-GCMT"
"27/10/1987 04:15:31",28.4575,40.4182,17.7,"mb",4.4,"-",10074,"ISC","ISC","ISC"
"03/09/1987 18:24:53",29.2403,40.4566,7.5,"mb",4,"-",10042,"ISC","ISC","ISC"
"26/10/1986 05:49:30",28.993,40.8005,10,"Ml",4.6,"-",9905,"ATH","ATH","ATH"
"27/06/1986 20:33:37",28.3459,40.8907,5,"mb",4.1,"-",9847,"ISC","ISC","ISC"
"15/05/1986 20:13:56",27.5684,40.7203,10,"mb",4.6,"-",9803,"NEIC","NEIC","NEIC"
"14/09/1985 17:23:09",29.112,40.7249,7.6,"mb",4.7,"-",9686,"NEIC","NEIC","NEIC"
"04/06/1985 03:05:58",27.8355,40.8584,10,"mb",4.1,"-",9647,"ISC","ISC","ISC"
"27/04/1985 14:33:07",27.3803,40.7354,9.1,"mb",4.4,"-",9635,"ISC","ISC","ISC"
"11/04/1985 15:11:46",29.009,40.7036,6,"mb",4.2,"-",9626,"ISC","ISC","ISC"
"14/11/1984 15:24:25",27.2282,40.3275,5.7,"mb",4.1,"-",13300,"NEIS","NEIS","NEIS"
"27/08/1984 08:32:14",30.0009,40.7375,26.5,"mb",4,"-",13257,"NEIS","NEIS","NEIS"
"26/05/1984 10:39:36",30.2693,40.6741,5.9,"mb",4.1,"-",13201,"ISC","ISC","ISC"
"28/12/1983 21:19:32",30.3814,40.7286,6.6,"Ml",4.5,"-",13091,"ISC","ISC","ISC"
"05/07/1983 14:01:27",27.256,40.311,10,"Mw",6.1,"-",12954,"HRVD-GCMT","HRVD-GCMT","HRVD-GCMT"
"09/09/1982 07:47:11",27.8697,40.9766,10,"mb",4.4,"-",12819,"ISC","ISC","ISC"
"27/07/1982 12:23:15",28.9501,40.3752,11,"mb",4.3,"-",12804,"ISC","ISC","ISC"
"12/07/1982 16:46:14",27.8284,40.9958,25.1,"mb",4.6,"-",12792,"ISC","ISC","ISC"
"23/05/1982 18:23:07",29.0393,40.4507,4.4,"Ml",4.2,"-",12761,"ATH","ATH","ATH"
"20/05/1982 04:42:49",28.9825,40.4038,10,"mb",4,"-",12757,"NEIS","NEIS","NEIS"
"17/04/1982 17:12:37",27.3387,40.6021,21.6,"Ml",4.6,"-",12729,"ISC","ISC","ISC"
"16/04/1982 10:01:29",29.844,40.7925,10,"mb",4,"-",12727,"ISC","ISC","ISC"
"28/08/1981 09:17:09",29.2109,40.466,10,"mb",4.1,"-",12551,"NEIS","NEIS","NEIS"
"08/08/1981 17:10:59",28.2574,40.7091,3.3,"Ml",4,"-",12539,"ISC","ISC","ISC"
"03/05/1981 22:41:12",28.0902,40.7945,24,"mb",4,"-",12482,"ISC","ISC","ISC"
"12/03/1981 05:06:03",28.12,40.813,15,"mb",4.7,"-",12453,"ISC","ISC","ISC"
"11/01/1979 21:50:39",29.26,40.3,10,"mb",4.3,"-",12063,"Kalafat ve Diğ.2011","Kalafat ve Diğ.2011","Kalafat ve Diğ.2011"
"15/06/1978 01:26:45",27.6835,40.7856,27.9,"mb",4.6,"-",11978,"ISC","ISC","ISC"
"29/05/1976 23:42:08",28.89,40.36,6,"mb",4,"-",11670,"ISC","ISC","ISC"
"13/09/1974 13:10:02",28.2905,40.7932,7.6,"Ml",4.6,"-",18317,"ATH","ATH","ATH"
"18/01/1974 11:57:14",28.94,40.5,18,"mb",4,"-",18238,"ISC","ISC","ISC"
"22/11/1973 15:54:53",29.8804,40.364,8.1,"mb",4.2,"-",18219,"ISC","ISC","ISC"
"03/07/1973 17:06:14",27.54,40.62,6,"Ml",4.1,"-",18181,"ATH","ATH","ATH"
"27/06/1973 12:50:23",27.49,40.72,5,"Ml",4.2,"-",18179,"ATH","ATH","ATH"
"28/02/1972 03:04:35",28.9993,40.4014,6,"mb",4.1,"-",18022,"ISC","ISC","ISC"
"01/05/1971 14:45:27",28.017,40.868,6.9,"mb",4.6,"-",17866,"ISC","ISC","ISC"
"24/12/1969 09:41:32",28.4,40.5,10,"MS",4.3,"-",17443,"ATH","ATH","ATH"
"12/02/1969 09:43:05",30.29,40.7,30,"mb",4.5,"-",17266,"ISC","ISC","ISC"
"06/05/1968 10:38:47",28.63,40.33,4,"mb",4.3,"-",17098,"ISC","ISC","ISC"
"19/09/1967 00:39:34",30.3,40.86,33,"mb",4.4,"-",16982,"ISC","ISC","ISC"
"18/08/1967 20:49:23",30.1,41.2,10,"mb",4.7,"-",16975,"ISC","ISC","ISC"
"14/08/1967 21:09:25",30.37,40.74,25,"mb",4.7,"-",16974,"ISC","ISC","ISC"
"14/08/1967 12:34:19",30.27,40.68,33,"mb",4.4,"-",16973,"ISC","ISC","ISC"
"14/08/1967 02:45:56",30.38,40.75,23,"mb",4.4,"-",16972,"ISC","ISC","ISC"
"06/08/1967 15:09:33",28.8,41,10,"mb",4.3,"-",16967,"ISC","ISC","ISC"
"03/08/1967 08:28:17",30.3,41,26,"mb",4,"-",16965,"ISC","ISC","ISC"
"02/08/1967 16:33:23",30.46,40.67,30,"mb",4.4,"-",16964,"ISC","ISC","ISC"
"02/08/1967 03:29:07",27.2,40.7,10,"mb",4.2,"-",16963,"Kalafat ve Diğ.2011","Kalafat ve Diğ.2011","Kalafat ve Diğ.2011"
"01/08/1967 02:05:10",30.4,40.4,46,"mb",4.4,"-",16962,"ISC","ISC","ISC"
"31/07/1967 08:12:05",27.62,40.6,4,"mb",4.2,"-",16960,"ISC","ISC","ISC"
"30/07/1967 19:58:46",30.46,40.75,27,"mb",4.5,"-",16958,"ISC","ISC","ISC"
"26/07/1967 02:03:02",30.5,41.1,33,"mb",4.2,"-",16949,"ISC","ISC","ISC"
"24/07/1967 00:06:59",30.45,40.78,17,"mb",4.2,"-",16940,"ISC","ISC","ISC"
"23/07/1967 11:03:08",30.3,40.4,33,"mb",4.2,"-",16937,"ISC","ISC","ISC"
"23/07/1967 10:39:28",30,40.98,33,"mb",4.3,"-",16936,"ISC","ISC","ISC"
"23/07/1967 08:42:23",30.36,40.74,11,"mb",4.1,"-",16935,"ISC","ISC","ISC"
"23/07/1967 05:48:55",30.36,40.63,33,"mb",4.6,"-",16934,"ISC","ISC","ISC"
"23/07/1967 05:03:39",30.35,40.61,21,"mb",4.5,"-",16933,"ISC","ISC","ISC"
"22/07/1967 22:21:41",30.45,41,49,"mb",4.6,"-",16928,"ISC","ISC","ISC"
"22/07/1967 21:35:40",30.42,40.79,4,"mb",4.7,"-",16927,"ISC","ISC","ISC"
"22/07/1967 19:07:21",30,41,33,"MS",4.7,"-",16922,"LAO","LAO","LAO"
"01/06/1967 12:31:36",28.9,40.93,10,"MS",4,"-",16891,"Alsan ve Diğ.1975","Alsan ve Diğ.1975","Alsan ve Diğ.1975"
"21/08/1966 02:30:45",27.436,40.312,16.6,"mb",4.8,"-",16810,"ISC","ISC","ISC"
"21/12/1964 01:50:10",27.5,40.5,10,"mb",4.6,"-",16569,"ISC","ISC","ISC"
"06/10/1964 15:31:23",28.23,40.3,34,"MS",7,"Karacabey-Bursa",16549,"Alsan ve Diğ.1975","Alsan ve Diğ.1975","Alsan ve Diğ.1975"
"18/04/1964 22:52:54",29,41.1,33,"mb",4.2,"-",16490,"ISC","ISC","ISC"
"24/09/1963 03:10:44",28.9,40.84,10,"MS",4.8,"-",16454,"Ayhan ve Diğ.1981","Ayhan ve Diğ.1981","Ayhan ve Diğ.1981"
"18/09/1963 17:58:15",29.12,40.77,40,"MS",6.3,"Yalova",16453,"Alsan ve Diğ.1975","Alsan ve Diğ.1975","Alsan ve Diğ.1975"
"19/04/1962 09:22:19",28.84,40.75,10,"MS",4.3,"-",9533,"Alsan ve Diğ.1975","Alsan ve Diğ.1975","Alsan ve Diğ.1975"
"06/08/1959 13:08:00",29.2,40.4,10,"MS",4.1,"-",9433,"Alsan ve Diğ.1975","Alsan ve Diğ.1975","Alsan ve Diğ.1975"
"26/07/1959 18:07:06",27.54,40.91,10,"MS",5.4,"-",9432,"Ayhan ve Diğ.1981","Ayhan ve Diğ.1981","Ayhan ve Diğ.1981"
"02/04/1959 05:34:29",29.41,40.5,20,"MS",4.6,"-",9417,"Ayhan ve Diğ.1981","Ayhan ve Diğ.1981","Ayhan ve Diğ.1981"
"26/12/1957 16:01:45",29.72,40.83,10,"MS",5.2,"-",9372,"Ayhan ve Diğ.1981","Ayhan ve Diğ.1981","Ayhan ve Diğ.1981"
"30/08/1956 01:15:00",30.2,41,5,"MS",4,"-",9311,"UNS","UNS","UNS"
"28/08/1956 02:29:51",29.93,41.08,80,"MS",4.6,"-",9310,"Ayhan ve Diğ.1981","Ayhan ve Diğ.1981","Ayhan ve Diğ.1981"
"06/01/1956 15:52:59",30.2,41,10,"MS",4.9,"-",9267,"Ayhan ve Diğ.1981","Ayhan ve Diğ.1981","Ayhan ve Diğ.1981"
"26/10/1954 11:34:29",27.52,40.56,10,"MS",4.6,"-",9235,"Ayhan ve Diğ.1981","Ayhan ve Diğ.1981","Ayhan ve Diğ.1981"
"25/10/1954 00:37:19",27.53,40.46,10,"MS",4.8,"-",9234,"Ayhan ve Diğ.1981","Ayhan ve Diğ.1981","Ayhan ve Diğ.1981"
"23/03/1954 13:58:53",27.12,40.58,10,"MS",5.1,"-",9207,"Alsan ve Diğ.1975","Alsan ve Diğ.1975","Alsan ve Diğ.1975"
"13/03/1952 07:30:01",28.14,41.02,11,"MS",4.9,"-",9108,"Ayhan ve Diğ.1981","Ayhan ve Diğ.1981","Ayhan ve Diğ.1981"
"23/01/1952 00:15:00",30.4,40.8,15,"MS",4.3,"-",9105,"UNS","UNS","UNS"
"13/12/1948 03:00:00",30,41,15,"MS",4.2,"-",9032,"UNS","UNS","UNS"
"08/09/1943 15:35:00",30.4,40.7,5,"MS",4,"-",8907,"UNS","UNS","UNS"
"16/06/1942 07:42:34",27.8,40.8,20,"MS",5.6,"-",8882,"Ayhan ve Diğ.1981","Ayhan ve Diğ.1981","Ayhan ve Diğ.1981"
"13/06/1940 13:02:00",30.17,41.34,30,"MS",4.6,"-",8837,"Ayhan ve Diğ.1981","Ayhan ve Diğ.1981","Ayhan ve Diğ.1981"
"22/10/1935 08:29:43",27.21,40.31,10,"MS",5.2,"-",8726,"Ayhan ve Diğ.1981","Ayhan ve Diğ.1981","Ayhan ve Diğ.1981"
"04/01/1935 16:19:24",27.5,40.5,5,"MS",4.5,"-",8709,"Ayhan ve Diğ.1981","Ayhan ve Diğ.1981","Ayhan ve Diğ.1981"
"04/01/1935 16:18:57",27.5,40.5,5,"MS",4.6,"-",8708,"Ayhan ve Diğ.1981","Ayhan ve Diğ.1981","Ayhan ve Diğ.1981"
"11/10/1929 00:00:54",27.46,41.11,10,"MS",4.5,"-",8549,"Ayhan ve Diğ.1981","Ayhan ve Diğ.1981","Ayhan ve Diğ.1981"
"24/06/1925 01:00:34",30.39,40.88,10,"MS",4.6,"-",8386,"Ayhan ve Diğ.1981","Ayhan ve Diğ.1981","Ayhan ve Diğ.1981"
"10/06/1925 05:45:00",29,41,8,"MS",4.4,"-",8385,"UNS","UNS","UNS"
"01/09/1924 01:00:00",29.2,40.9,15,"MS",4.3,"-",8355,"UNS","UNS","UNS"